t	type	mode	profile	x	y	z	vx	vy	vz	ax	heading_deg
0	takeoff	pos	linear	0	0	0	0	0	0	0	0
5	wp	pos	linear	0	0	17.465	0	0	0	0	0
8	wp	pos	linear	0	0	17.465	0	0	0	0	45
8.516	wp	pos	linear	0.719	1.872	19.092	0	0	0	0	68.974
9.025	wp	pos	linear	1.436	3.711	20.691	0	0	0	0	68.724
9.516	wp	pos	linear	2.146	5.487	22.235	0	0	0	0	68.206
9.984	wp	pos	linear	2.847	7.17	23.698	0	0	0	0	67.378
10.419	wp	pos	linear	3.536	8.729	25.053	0	0	0	0	66.17
10.816	wp	pos	linear	4.21	10.14	26.279	0	0	0	0	64.466
11.169	wp	pos	linear	4.865	11.376	27.354	0	0	0	0	62.07
11.473	wp	pos	linear	5.5	12.418	28.26	0	0	0	0	58.651
11.725	wp	pos	linear	6.111	13.248	28.981	0	0	0	0	53.616
11.923	wp	pos	linear	6.696	13.851	29.506	0	0	0	0	45.859
12.071	wp	pos	linear	7.253	14.217	29.824	0	0	0	0	33.331
12.181	wp	pos	linear	7.778	14.339	29.93	0	0	0	0	13.143
12.284	wp	pos	linear	8.27	14.217	29.824	0	0	0	0	346.001
12.417	wp	pos	linear	8.727	13.851	29.506	0	0	0	0	321.294
12.598	wp	pos	linear	9.146	13.248	28.981	0	0	0	0	304.815
12.831	wp	pos	linear	9.526	12.418	28.26	0	0	0	0	294.617
13.115	wp	pos	linear	9.866	11.376	27.354	0	0	0	0	288.036
13.448	wp	pos	linear	10.163	10.14	26.279	0	0	0	0	283.507
13.825	wp	pos	linear	10.416	8.729	25.053	0	0	0	0	280.193
14.241	wp	pos	linear	10.625	7.17	23.698	0	0	0	0	277.631
14.688	wp	pos	linear	10.789	5.487	22.235	0	0	0	0	275.55
15.159	wp	pos	linear	10.906	3.711	20.691	0	0	0	0	273.777
15.646	wp	pos	linear	10.976	1.872	19.092	0	0	0	0	272.196
16.143	wp	pos	linear	11	0	17.465	0	0	0	0	270.721
16.639	wp	pos	linear	10.976	-1.872	15.838	0	0	0	0	269.279
17.126	wp	pos	linear	10.906	-3.711	14.239	0	0	0	0	267.804
17.598	wp	pos	linear	10.789	-5.487	12.695	0	0	0	0	266.223
18.045	wp	pos	linear	10.625	-7.17	11.233	0	0	0	0	264.45
18.46	wp	pos	linear	10.416	-8.729	9.877	0	0	0	0	262.369
18.837	wp	pos	linear	10.163	-10.14	8.651	0	0	0	0	259.807
19.17	wp	pos	linear	9.866	-11.376	7.576	0	0	0	0	256.493
19.455	wp	pos	linear	9.526	-12.418	6.67	0	0	0	0	251.964
19.687	wp	pos	linear	9.146	-13.248	5.949	0	0	0	0	245.383
19.868	wp	pos	linear	8.727	-13.851	5.425	0	0	0	0	235.185
20.001	wp	pos	linear	8.27	-14.217	5.107	0	0	0	0	218.706
20.104	wp	pos	linear	7.778	-14.339	5	0	0	0	0	193.999
20.214	wp	pos	linear	7.253	-14.217	5.107	0	0	0	0	166.857
20.362	wp	pos	linear	6.696	-13.851	5.425	0	0	0	0	146.669
20.56	wp	pos	linear	6.111	-13.248	5.949	0	0	0	0	134.141
20.812	wp	pos	linear	5.5	-12.418	6.67	0	0	0	0	126.384
21.116	wp	pos	linear	4.865	-11.376	7.576	0	0	0	0	121.349
21.469	wp	pos	linear	4.21	-10.14	8.651	0	0	0	0	117.93
21.866	wp	pos	linear	3.536	-8.729	9.877	0	0	0	0	115.534
22.301	wp	pos	linear	2.847	-7.17	11.233	0	0	0	0	113.83
22.769	wp	pos	linear	2.146	-5.487	12.695	0	0	0	0	112.622
23.26	wp	pos	linear	1.436	-3.711	14.239	0	0	0	0	111.794
23.769	wp	pos	linear	0.719	-1.872	15.838	0	0	0	0	111.276
24.285	wp	pos	linear	0	0	17.465	0	0	0	0	111.026
24.801	wp	pos	linear	-0.719	1.872	19.092	0	0	0	0	111.026
25.31	wp	pos	linear	-1.436	3.711	20.691	0	0	0	0	111.276
25.801	wp	pos	linear	-2.146	5.487	22.235	0	0	0	0	111.794
26.269	wp	pos	linear	-2.847	7.17	23.698	0	0	0	0	112.622
26.704	wp	pos	linear	-3.536	8.729	25.053	0	0	0	0	113.83
27.101	wp	pos	linear	-4.21	10.14	26.279	0	0	0	0	115.534
27.454	wp	pos	linear	-4.865	11.376	27.354	0	0	0	0	117.93
27.758	wp	pos	linear	-5.5	12.418	28.26	0	0	0	0	121.349
28.01	wp	pos	linear	-6.111	13.248	28.981	0	0	0	0	126.384
28.208	wp	pos	linear	-6.696	13.851	29.506	0	0	0	0	134.141
28.356	wp	pos	linear	-7.253	14.217	29.824	0	0	0	0	146.669
28.466	wp	pos	linear	-7.778	14.339	29.93	0	0	0	0	166.857
28.569	wp	pos	linear	-8.27	14.217	29.824	0	0	0	0	193.999
28.702	wp	pos	linear	-8.727	13.851	29.506	0	0	0	0	218.706
28.883	wp	pos	linear	-9.146	13.248	28.981	0	0	0	0	235.185
29.116	wp	pos	linear	-9.526	12.418	28.26	0	0	0	0	245.383
29.4	wp	pos	linear	-9.866	11.376	27.354	0	0	0	0	251.964
29.733	wp	pos	linear	-10.163	10.14	26.279	0	0	0	0	256.493
30.11	wp	pos	linear	-10.416	8.729	25.053	0	0	0	0	259.807
30.526	wp	pos	linear	-10.625	7.17	23.698	0	0	0	0	262.369
30.973	wp	pos	linear	-10.789	5.487	22.235	0	0	0	0	264.45
31.444	wp	pos	linear	-10.906	3.711	20.691	0	0	0	0	266.223
31.932	wp	pos	linear	-10.976	1.872	19.092	0	0	0	0	267.804
32.428	wp	pos	linear	-11	0	17.465	0	0	0	0	269.279
32.924	wp	pos	linear	-10.976	-1.872	15.838	0	0	0	0	270.721
33.411	wp	pos	linear	-10.906	-3.711	14.239	0	0	0	0	272.196
33.883	wp	pos	linear	-10.789	-5.487	12.695	0	0	0	0	273.777
34.33	wp	pos	linear	-10.625	-7.17	11.233	0	0	0	0	275.55
34.745	wp	pos	linear	-10.416	-8.729	9.877	0	0	0	0	277.631
35.122	wp	pos	linear	-10.163	-10.14	8.651	0	0	0	0	280.193
35.455	wp	pos	linear	-9.866	-11.376	7.576	0	0	0	0	283.507
35.74	wp	pos	linear	-9.526	-12.418	6.67	0	0	0	0	288.036
35.972	wp	pos	linear	-9.146	-13.248	5.949	0	0	0	0	294.617
36.153	wp	pos	linear	-8.727	-13.851	5.425	0	0	0	0	304.815
36.286	wp	pos	linear	-8.27	-14.217	5.107	0	0	0	0	321.294
36.389	wp	pos	linear	-7.778	-14.339	5	0	0	0	0	346.001
36.499	wp	pos	linear	-7.253	-14.217	5.107	0	0	0	0	13.143
36.647	wp	pos	linear	-6.696	-13.851	5.425	0	0	0	0	33.331
36.845	wp	pos	linear	-6.111	-13.248	5.949	0	0	0	0	45.859
37.097	wp	pos	linear	-5.5	-12.418	6.67	0	0	0	0	53.616
37.401	wp	pos	linear	-4.865	-11.376	7.576	0	0	0	0	58.651
37.754	wp	pos	linear	-4.21	-10.14	8.651	0	0	0	0	62.07
38.151	wp	pos	linear	-3.536	-8.729	9.877	0	0	0	0	64.466
38.586	wp	pos	linear	-2.847	-7.17	11.233	0	0	0	0	66.17
39.054	wp	pos	linear	-2.146	-5.487	12.695	0	0	0	0	67.378
39.545	wp	pos	linear	-1.436	-3.711	14.239	0	0	0	0	68.206
40.054	wp	pos	linear	-0.719	-1.872	15.838	0	0	0	0	68.724
40.57	wp	pos	linear	0	0	17.465	0	0	0	0	68.974
45.57	wp	pos	hold	0	0	17.465	0	0	0	0	68.974
50.57	end	end	end	0	0	0	0	0	0	0	0
